X,Y,Name,Description
-4.56999,52.1391,,"<table> <tr><td><b>src_id:</b><td>1198 <tr><td><b>Name:</b><td>ABERPORTH <tr><td><b>Area:</b><td>DYFED <tr><td><b>Start date:</b><td>01-01-1941 <tr><td><b>End date:</b><td>Current <tr><td><b>Postcode:</b><td>SA43 1 </table> <center><a href=""http://badc.nerc.ac.uk/cgi-bin/midas_stations/station_details.cgi.py?id=1198"">Station details</a></center>"
-3.933,5.25,,"<table> <tr><td><b>src_id:</b><td>17716 <tr><td><b>Name:</b><td>ABIDJAN <tr><td><b>Area:</b><td>COTE D'IVOIRE <tr><td><b>Start date:</b><td>01-01-1974 <tr><td><b>End date:</b><td>Current </table> <center><a href=""http://badc.nerc.ac.uk/cgi-bin/midas_stations/station_details.cgi.py?id=17716"">Station details</a></center>"
54.65,24.433,,"<table> <tr><td><b>src_id:</b><td>17428 <tr><td><b>Name:</b><td>ABU DHABI INTER. AIRPORT <tr><td><b>Area:</b><td>UNITED ARAB EMIRATES <tr><td><b>Start date:</b><td>01-10-1983 <tr><td><b>End date:</b><td>Current </table> <center><a href=""http://badc.nerc.ac.uk/cgi-bin/midas_stations/station_details.cgi.py?id=17428"">Station details</a></center>"
45.033,12.833,,"<table> <tr><td><b>src_id:</b><td>1592 <tr><td><b>Name:</b><td>ADEN <tr><td><b>Area:</b><td>YEMEN <tr><td><b>Start date:</b><td>01-01-1949 <tr><td><b>End date:</b><td>31-10-1993 </table> <center><a href=""http://badc.nerc.ac.uk/cgi-bin/midas_stations/station_details.cgi.py?id=1592"">Station details</a></center>"
32.983,34.583,,"<table> <tr><td><b>src_id:</b><td>1588 <tr><td><b>Name:</b><td>AKROTIRI: CYPRUS <tr><td><b>Area:</b><td>CYPRUS <tr><td><b>Start date:</b><td>01-01-1956 <tr><td><b>End date:</b><td>Current </table> <center><a href=""http://badc.nerc.ac.uk/cgi-bin/midas_stations/station_details.cgi.py?id=1588"">Station details</a></center>"
-73.8,42.75,,"<table> <tr><td><b>src_id:</b><td>17843 <tr><td><b>Name:</b><td>ALBANY/ALBANY CO.: NY. <tr><td><b>Area:</b><td>UNITED STATES OF AMERICA <tr><td><b>Start date:</b><td>01-01-1983 <tr><td><b>End date:</b><td>Current </table> <center><a href=""http://badc.nerc.ac.uk/cgi-bin/midas_stations/station_details.cgi.py?id=17843"">Station details</a></center>"
-6.22436,54.6636,,"<table> <tr><td><b>src_id:</b><td>1450 <tr><td><b>Name:</b><td>ALDERGROVE <tr><td><b>Area:</b><td>ANTRIM <tr><td><b>Start date:</b><td>01-01-1926 <tr><td><b>End date:</b><td>Current <tr><td><b>Postcode:</b><td>BT29 4 </table> <center><a href=""http://badc.nerc.ac.uk/cgi-bin/midas_stations/station_details.cgi.py?id=1450"">Station details</a></center>"
0,-90,,"<table> <tr><td><b>src_id:</b><td>18807 <tr><td><b>Name:</b><td>AMUNDSEN-SCOTT <tr><td><b>Area:</b><td>ANTARCTICA <tr><td><b>Start date:</b><td>01-01-1983 <tr><td><b>End date:</b><td>Current </table> <center><a href=""http://badc.nerc.ac.uk/cgi-bin/midas_stations/station_details.cgi.py?id=18807"">Station details</a></center>"
50.25,-14.883,,"<table> <tr><td><b>src_id:</b><td>18447 <tr><td><b>Name:</b><td>ANTALAHA <tr><td><b>Area:</b><td>MADAGASCAR <tr><td><b>Start date:</b><td>01-01-1983 <tr><td><b>End date:</b><td>Current </table> <center><a href=""http://badc.nerc.ac.uk/cgi-bin/midas_stations/station_details.cgi.py?id=18447"">Station details</a></center>"
-64.267,-65.25,,"<table> <tr><td><b>src_id:</b><td>1615 <tr><td><b>Name:</b><td>ARGENTINE IS: ANTARCTICA <tr><td><b>Area:</b><td>ANTARCTICA <tr><td><b>Start date:</b><td>01-01-1947 <tr><td><b>End date:</b><td>Current </table> <center><a href=""http://badc.nerc.ac.uk/cgi-bin/midas_stations/station_details.cgi.py?id=1615"">Station details</a></center>"
33.4,35.15,,"<table> <tr><td><b>src_id:</b><td>17385 <tr><td><b>Name:</b><td>ATHALASSA <tr><td><b>Area:</b><td>CYPRUS <tr><td><b>Start date:</b><td>01-01-1990 <tr><td><b>End date:</b><td>Current </table> <center><a href=""http://badc.nerc.ac.uk/cgi-bin/midas_stations/station_details.cgi.py?id=17385"">Station details</a></center>"
23.733,37.9,,"<table> <tr><td><b>src_id:</b><td>17325 <tr><td><b>Name:</b><td>ATHENS(HELLINIKON) <tr><td><b>Area:</b><td>GREECE <tr><td><b>Start date:</b><td>01-01-1974 <tr><td><b>End date:</b><td>Current </table> <center><a href=""http://badc.nerc.ac.uk/cgi-bin/midas_stations/station_details.cgi.py?id=17325"">Station details</a></center>"
44.233,33.233,,"<table> <tr><td><b>src_id:</b><td>17259 <tr><td><b>Name:</b><td>BAGHDAD <tr><td><b>Area:</b><td>IRAQ <tr><td><b>Start date:</b><td>01-01-1974 <tr><td><b>End date:</b><td>30-06-1994 </table> <center><a href=""http://badc.nerc.ac.uk/cgi-bin/midas_stations/station_details.cgi.py?id=17259"">Station details</a></center>"
95.417,5.517,,"<table> <tr><td><b>src_id:</b><td>18005 <tr><td><b>Name:</b><td>BANDA ACEH/ BLANGBINTANG <tr><td><b>Area:</b><td>INDONESIA <tr><td><b>Start date:</b><td>01-01-1983 <tr><td><b>End date:</b><td>Current </table> <center><a href=""http://badc.nerc.ac.uk/cgi-bin/midas_stations/station_details.cgi.py?id=18005"">Station details</a></center>"
-48.483,-1.383,,"<table> <tr><td><b>src_id:</b><td>19925 <tr><td><b>Name:</b><td>BELEM (AEROPORTO) <tr><td><b>Area:</b><td>BRAZIL <tr><td><b>Start date:</b><td>01-01-1983 <tr><td><b>End date:</b><td>Current </table> <center><a href=""http://badc.nerc.ac.uk/cgi-bin/midas_stations/station_details.cgi.py?id=19925"">Station details</a></center>"
-88.3,17.533,,"<table> <tr><td><b>src_id:</b><td>17884 <tr><td><b>Name:</b><td>BELIZE/PHILLIP GOLDSTON INTL. AI <tr><td><b>Area:</b><td>BELIZE <tr><td><b>Start date:</b><td>01-01-1977 <tr><td><b>End date:</b><td>Current </table> <center><a href=""http://badc.nerc.ac.uk/cgi-bin/midas_stations/station_details.cgi.py?id=17884"">Station details</a></center>"
102.333,-3.883,,"<table> <tr><td><b>src_id:</b><td>18016 <tr><td><b>Name:</b><td>BENGKULU/ PADANGKEMILING <tr><td><b>Area:</b><td>INDONESIA <tr><td><b>Start date:</b><td>01-01-1983 <tr><td><b>End date:</b><td>Current </table> <center><a href=""http://badc.nerc.ac.uk/cgi-bin/midas_stations/station_details.cgi.py?id=18016"">Station details</a></center>"
9.933,52.817,,"<table> <tr><td><b>src_id:</b><td>19942 <tr><td><b>Name:</b><td>BERGEN <tr><td><b>Area:</b><td>GERMANY <tr><td><b>Start date:</b><td>01-08-1993 <tr><td><b>End date:</b><td>Current </table> <center><a href=""http://badc.nerc.ac.uk/cgi-bin/midas_stations/station_details.cgi.py?id=19942"">Station details</a></center>"
-64.683,32.367,,"<table> <tr><td><b>src_id:</b><td>17879 <tr><td><b>Name:</b><td>BERMUDA NAVAL AIR STATION KINDLEY <tr><td><b>Area:</b><td>BERMUDA <tr><td><b>Start date:</b><td>01-01-1974 <tr><td><b>End date:</b><td>Current </table> <center><a href=""http://badc.nerc.ac.uk/cgi-bin/midas_stations/station_details.cgi.py?id=17879"">Station details</a></center>"
34.817,32.0,,"<table> <tr><td><b>src_id:</b><td>17418 <tr><td><b>Name:</b><td>BET DAGAN <tr><td><b>Area:</b><td>ISRAEL <tr><td><b>Start date:</b><td>01-01-1971 <tr><td><b>End date:</b><td>Current </table> <center><a href=""http://badc.nerc.ac.uk/cgi-bin/midas_stations/station_details.cgi.py?id=17418"">Station details</a></center>"
72.85,19.117,,"<table> <tr><td><b>src_id:</b><td>17461 <tr><td><b>Name:</b><td>BOMBAY / SANTACRUZ <tr><td><b>Area:</b><td>INDIA <tr><td><b>Start date:</b><td>01-01-1974 <tr><td><b>End date:</b><td>Current </table> <center><a href=""http://badc.nerc.ac.uk/cgi-bin/midas_stations/station_details.cgi.py?id=17461"">Station details</a></center>"
-5.667,-15.933,,"<table> <tr><td><b>src_id:</b><td>1605 <tr><td><b>Name:</b><td>BOTTOMS WOOD: ST HELENA <tr><td><b>Area:</b><td>ST HELENA <tr><td><b>Start date:</b><td>01-01-1958 <tr><td><b>End date:</b><td>Current </table> <center><a href=""http://badc.nerc.ac.uk/cgi-bin/midas_stations/station_details.cgi.py?id=1605"">Station details</a></center>"
-1.59966,55.4208,,"<table> <tr><td><b>src_id:</b><td>315 <tr><td><b>Name:</b><td>BOULMER <tr><td><b>Area:</b><td>NORTHUMBERLAND <tr><td><b>Start date:</b><td>01-01-1975 <tr><td><b>End date:</b><td>Current <tr><td><b>Postcode:</b><td>NE66 3 </table> <center><a href=""http://badc.nerc.ac.uk/cgi-bin/midas_stations/station_details.cgi.py?id=315"">Station details</a></center>"
2.366,47.066,,"<table> <tr><td><b>src_id:</b><td>17133 <tr><td><b>Name:</b><td>BOURGES <tr><td><b>Area:</b><td>FRANCE <tr><td><b>Start date:</b><td>01-01-1983 <tr><td><b>End date:</b><td>Current </table> <center><a href=""http://badc.nerc.ac.uk/cgi-bin/midas_stations/station_details.cgi.py?id=17133"">Station details</a></center>"
114.933,4.933,,"<table> <tr><td><b>src_id:</b><td>18018 <tr><td><b>Name:</b><td>BRUNEI AIRPORT <tr><td><b>Area:</b><td>BRUNEI DARUSSALAM <tr><td><b>Start date:</b><td>01-01-1980 <tr><td><b>End date:</b><td>Current </table> <center><a href=""http://badc.nerc.ac.uk/cgi-bin/midas_stations/station_details.cgi.py?id=18018"">Station details</a></center>"
26.133,44.5,,"<table> <tr><td><b>src_id:</b><td>17380 <tr><td><b>Name:</b><td>BUCURESTI/IMH <tr><td><b>Area:</b><td>ROMANIA <tr><td><b>Start date:</b><td>01-01-1974 <tr><td><b>End date:</b><td>Current </table> <center><a href=""http://badc.nerc.ac.uk/cgi-bin/midas_stations/station_details.cgi.py?id=17380"">Station details</a></center>"
88.45,22.65,,"<table> <tr><td><b>src_id:</b><td>17457 <tr><td><b>Name:</b><td>CALCUTTA/DUM DUM <tr><td><b>Area:</b><td>INDIA <tr><td><b>Start date:</b><td>01-01-1974 <tr><td><b>End date:</b><td>Current </table> <center><a href=""http://badc.nerc.ac.uk/cgi-bin/midas_stations/station_details.cgi.py?id=17457"">Station details</a></center>"
-5.32656,50.2178,,"<table> <tr><td><b>src_id:</b><td>1395 <tr><td><b>Name:</b><td>CAMBORNE <tr><td><b>Area:</b><td>CORNWALL <tr><td><b>Start date:</b><td>01-01-1978 <tr><td><b>End date:</b><td>Current <tr><td><b>Postcode:</b><td>TR14 0 </table> <center><a href=""http://badc.nerc.ac.uk/cgi-bin/midas_stations/station_details.cgi.py?id=1395"">Station details</a></center>"
-3.99997,52.4169,,"<table> <tr><td><b>src_id:</b><td>23546 <tr><td><b>Name:</b><td>CAPEL DEWI <tr><td><b>Area:</b><td>DYFED <tr><td><b>Start date:</b><td>01-01-1850 <tr><td><b>End date:</b><td>Current <tr><td><b>Postcode:</b><td>SY23 </table> <center><a href=""http://badc.nerc.ac.uk/cgi-bin/midas_stations/station_details.cgi.py?id=23546"">Station details</a></center>"
18.6,-33.983,,"<table> <tr><td><b>src_id:</b><td>18478 <tr><td><b>Name:</b><td>CAPE TOWN (D.F. MALAN) <tr><td><b>Area:</b><td>SOUTH AFRICA <tr><td><b>Start date:</b><td>01-01-1974 <tr><td><b>End date:</b><td>Current </table> <center><a href=""http://badc.nerc.ac.uk/cgi-bin/midas_stations/station_details.cgi.py?id=18478"">Station details</a></center>"
-7.667,33.567,,"<table> <tr><td><b>src_id:</b><td>18194 <tr><td><b>Name:</b><td>CASABLANCA <tr><td><b>Area:</b><td>MOROCCO <tr><td><b>Start date:</b><td>01-01-1974 <tr><td><b>End date:</b><td>Current </table> <center><a href=""http://badc.nerc.ac.uk/cgi-bin/midas_stations/station_details.cgi.py?id=18194"">Station details</a></center>"
-6.34037,54.503,,"<table> <tr><td><b>src_id:</b><td>30543 <tr><td><b>Name:</b><td>CASTOR BAY <tr><td><b>Area:</b><td>DOWN <tr><td><b>Start date:</b><td>20-06-2002 <tr><td><b>End date:</b><td>Current </table> <center><a href=""http://badc.nerc.ac.uk/cgi-bin/midas_stations/station_details.cgi.py?id=30543"">Station details</a></center>"
-80.033,32.9,,"<table> <tr><td><b>src_id:</b><td>17804 <tr><td><b>Name:</b><td>CHARLESTON/MUN.:SC. <tr><td><b>Area:</b><td>UNITED STATES OF AMERICA <tr><td><b>Start date:</b><td>01-01-1983 <tr><td><b>End date:</b><td>Current </table> <center><a href=""http://badc.nerc.ac.uk/cgi-bin/midas_stations/station_details.cgi.py?id=17804"">Station details</a></center>"
71.833,35.85,,"<table> <tr><td><b>src_id:</b><td>23639 <tr><td><b>Name:</b><td>CHITRAL <tr><td><b>Area:</b><td>PAKISTAN <tr><td><b>Start date:</b><td>01-01-1850 <tr><td><b>End date:</b><td>Current </table> <center><a href=""http://badc.nerc.ac.uk/cgi-bin/midas_stations/station_details.cgi.py?id=23639"">Station details</a></center>"
109.017,-7.733,,"<table> <tr><td><b>src_id:</b><td>18056 <tr><td><b>Name:</b><td>CILACAP <tr><td><b>Area:</b><td>INDONESIA <tr><td><b>Start date:</b><td>01-01-1983 <tr><td><b>End date:</b><td>Current </table> <center><a href=""http://badc.nerc.ac.uk/cgi-bin/midas_stations/station_details.cgi.py?id=18056"">Station details</a></center>"
23.566,46.783,,"<table> <tr><td><b>src_id:</b><td>16953 <tr><td><b>Name:</b><td>CLUJ-NAPOCA <tr><td><b>Area:</b><td>ROMANIA <tr><td><b>Start date:</b><td>01-01-1983 <tr><td><b>End date:</b><td>Current </table> <center><a href=""http://badc.nerc.ac.uk/cgi-bin/midas_stations/station_details.cgi.py?id=16953"">Station details</a></center>"
79.867,6.9,,"<table> <tr><td><b>src_id:</b><td>17479 <tr><td><b>Name:</b><td>COLOMBO <tr><td><b>Area:</b><td>SRI LANKA <tr><td><b>Start date:</b><td>01-01-1870 <tr><td><b>End date:</b><td>Current </table> <center><a href=""http://badc.nerc.ac.uk/cgi-bin/midas_stations/station_details.cgi.py?id=17479"">Station details</a></center>"
-67.5,-45.783,,"<table> <tr><td><b>src_id:</b><td>17912 <tr><td><b>Name:</b><td>COMODORO RIVADAVIA AERO <tr><td><b>Area:</b><td>ARGENTINA <tr><td><b>Start date:</b><td>01-01-1983 <tr><td><b>End date:</b><td>Current </table> <center><a href=""http://badc.nerc.ac.uk/cgi-bin/midas_stations/station_details.cgi.py?id=17912"">Station details</a></center>"
28.633,44.217,,"<table> <tr><td><b>src_id:</b><td>17381 <tr><td><b>Name:</b><td>CONSTANTA <tr><td><b>Area:</b><td>ROMANIA <tr><td><b>Start date:</b><td>01-01-1983 <tr><td><b>End date:</b><td>Current </table> <center><a href=""http://badc.nerc.ac.uk/cgi-bin/midas_stations/station_details.cgi.py?id=17381"">Station details</a></center>"
2.383,6.35,,"<table> <tr><td><b>src_id:</b><td>18414 <tr><td><b>Name:</b><td>COTONOU <tr><td><b>Area:</b><td>BENIN <tr><td><b>Start date:</b><td>01-01-1974 <tr><td><b>End date:</b><td>Current </table> <center><a href=""http://badc.nerc.ac.uk/cgi-bin/midas_stations/station_details.cgi.py?id=18414"">Station details</a></center>"
-17.5,14.733,,"<table> <tr><td><b>src_id:</b><td>17690 <tr><td><b>Name:</b><td>DAKAR/YOFF <tr><td><b>Area:</b><td>SENEGAL <tr><td><b>Start date:</b><td>01-01-1974 <tr><td><b>End date:</b><td>Current </table> <center><a href=""http://badc.nerc.ac.uk/cgi-bin/midas_stations/station_details.cgi.py?id=17690"">Station details</a></center>"
3.25,36.717,,"<table> <tr><td><b>src_id:</b><td>17661 <tr><td><b>Name:</b><td>DAR-EL-BEIDA <tr><td><b>Area:</b><td>ALGERIA <tr><td><b>Start date:</b><td>01-01-1974 <tr><td><b>End date:</b><td>Current </table> <center><a href=""http://badc.nerc.ac.uk/cgi-bin/midas_stations/station_details.cgi.py?id=17661"">Station details</a></center>"
115.167,-8.75,,"<table> <tr><td><b>src_id:</b><td>18038 <tr><td><b>Name:</b><td>DENPASAR/NGURAH-RAI <tr><td><b>Area:</b><td>INDONESIA <tr><td><b>Start date:</b><td>01-01-1983 <tr><td><b>End date:</b><td>Current </table> <center><a href=""http://badc.nerc.ac.uk/cgi-bin/midas_stations/station_details.cgi.py?id=18038"">Station details</a></center>"
90.383,23.767,,"<table> <tr><td><b>src_id:</b><td>17436 <tr><td><b>Name:</b><td>DHAKA <tr><td><b>Area:</b><td>BANGLADESH <tr><td><b>Start date:</b><td>01-01-1974 <tr><td><b>End date:</b><td>Current </table> <center><a href=""http://badc.nerc.ac.uk/cgi-bin/midas_stations/station_details.cgi.py?id=17436"">Station details</a></center>"
72.4,-7.3,,"<table> <tr><td><b>src_id:</b><td>17692 <tr><td><b>Name:</b><td>DIEGO GARCIA <tr><td><b>Area:</b><td>OCEAN ISLANDS <tr><td><b>Start date:</b><td>02-02-1974 <tr><td><b>End date:</b><td>Current </table> <center><a href=""http://badc.nerc.ac.uk/cgi-bin/midas_stations/station_details.cgi.py?id=17692"">Station details</a></center>"
13.683,51.117,,"<table> <tr><td><b>src_id:</b><td>17371 <tr><td><b>Name:</b><td>DRESDEN <tr><td><b>Area:</b><td>GERMANY <tr><td><b>Start date:</b><td>01-10-1991 <tr><td><b>End date:</b><td>Current </table> <center><a href=""http://badc.nerc.ac.uk/cgi-bin/midas_stations/station_details.cgi.py?id=17371"">Station details</a></center>"
71.783,35.567,,"<table> <tr><td><b>src_id:</b><td>23640 <tr><td><b>Name:</b><td>DROSH <tr><td><b>Area:</b><td>PAKISTAN <tr><td><b>Start date:</b><td>01-01-1850 <tr><td><b>End date:</b><td>Current </table> <center><a href=""http://badc.nerc.ac.uk/cgi-bin/midas_stations/station_details.cgi.py?id=23640"">Station details</a></center>"
30.95,-29.967,,"<table> <tr><td><b>src_id:</b><td>17743 <tr><td><b>Name:</b><td>DURBAN (LOUIS BOTHA) <tr><td><b>Area:</b><td>SOUTH AFRICA <tr><td><b>Start date:</b><td>01-01-1974 <tr><td><b>End date:</b><td>Current </table> <center><a href=""http://badc.nerc.ac.uk/cgi-bin/midas_stations/station_details.cgi.py?id=17743"">Station details</a></center>"
7.217,53.35,,"<table> <tr><td><b>src_id:</b><td>17369 <tr><td><b>Name:</b><td>EMDEN-KOENIGSPOLDER <tr><td><b>Area:</b><td>GERMANY <tr><td><b>Start date:</b><td>01-01-1988 <tr><td><b>End date:</b><td>Current </table> <center><a href=""http://badc.nerc.ac.uk/cgi-bin/midas_stations/station_details.cgi.py?id=17369"">Station details</a></center>"
31.817,34.683,,"<table> <tr><td><b>src_id:</b><td>23519 <tr><td><b>Name:</b><td>EPISOPI <tr><td><b>Area:</b><td>CYPRUS <tr><td><b>Start date:</b><td>01-01-1969 <tr><td><b>End date:</b><td>31-12-1971 </table> <center><a href=""http://badc.nerc.ac.uk/cgi-bin/midas_stations/station_details.cgi.py?id=23519"">Station details</a></center>"
6.966,51.399,,"<table> <tr><td><b>src_id:</b><td>16898 <tr><td><b>Name:</b><td>ESSEN <tr><td><b>Area:</b><td>GERMANY <tr><td><b>Start date:</b><td>01-01-1983 <tr><td><b>End date:</b><td>Current </table> <center><a href=""http://badc.nerc.ac.uk/cgi-bin/midas_stations/station_details.cgi.py?id=16898"">Station details</a></center>"
-58.533,-34.817,,"<table> <tr><td><b>src_id:</b><td>17910 <tr><td><b>Name:</b><td>EZEIZA AERO <tr><td><b>Area:</b><td>ARGENTINA <tr><td><b>Start date:</b><td>01-01-1974 <tr><td><b>End date:</b><td>Current </table> <center><a href=""http://badc.nerc.ac.uk/cgi-bin/midas_stations/station_details.cgi.py?id=17910"">Station details</a></center>"
46.95,-25.033,,"<table> <tr><td><b>src_id:</b><td>17723 <tr><td><b>Name:</b><td>FORT-DAUPHIN <tr><td><b>Area:</b><td>MADAGASCAR <tr><td><b>Start date:</b><td>01-01-1983 <tr><td><b>End date:</b><td>Current </table> <center><a href=""http://badc.nerc.ac.uk/cgi-bin/midas_stations/station_details.cgi.py?id=17723"">Station details</a></center>"
130.833,-3.8,,"<table> <tr><td><b>src_id:</b><td>18048 <tr><td><b>Name:</b><td>GESER <tr><td><b>Area:</b><td>MALUKU & IRIAN JAYA <tr><td><b>Start date:</b><td>01-01-1983 <tr><td><b>End date:</b><td>Current </table> <center><a href=""http://badc.nerc.ac.uk/cgi-bin/midas_stations/station_details.cgi.py?id=18048"">Station details</a></center>"
-5.35,36.15,,"<table> <tr><td><b>src_id:</b><td>1585 <tr><td><b>Name:</b><td>GIBRALTAR: NORTH FRONT <tr><td><b>Area:</b><td>GIBRALTAR <tr><td><b>Start date:</b><td>01-01-1951 <tr><td><b>End date:</b><td>Current </table> <center><a href=""http://badc.nerc.ac.uk/cgi-bin/midas_stations/station_details.cgi.py?id=1585"">Station details</a></center>"
-60.417,53.317,,"<table> <tr><td><b>src_id:</b><td>17780 <tr><td><b>Name:</b><td>GOOSE:NFLD. <tr><td><b>Area:</b><td>CANADA <tr><td><b>Start date:</b><td>01-01-1977 <tr><td><b>End date:</b><td>Current </table> <center><a href=""http://badc.nerc.ac.uk/cgi-bin/midas_stations/station_details.cgi.py?id=17780"">Station details</a></center>"
43.267,-11.533,,"<table> <tr><td><b>src_id:</b><td>18445 <tr><td><b>Name:</b><td>HAHAYA INT. AIRPORT <tr><td><b>Area:</b><td>COMOROS <tr><td><b>Start date:</b><td>01-01-1983 <tr><td><b>End date:</b><td>Current </table> <center><a href=""http://badc.nerc.ac.uk/cgi-bin/midas_stations/station_details.cgi.py?id=18445"">Station details</a></center>"
-26.65,-75.5,,"<table> <tr><td><b>src_id:</b><td>18808 <tr><td><b>Name:</b><td>HALLEY <tr><td><b>Area:</b><td>ANTARCTICA <tr><td><b>Start date:</b><td>01-01-1974 <tr><td><b>End date:</b><td>Current </table> <center><a href=""http://badc.nerc.ac.uk/cgi-bin/midas_stations/station_details.cgi.py?id=18808"">Station details</a></center>"
1.68908,52.6857,,"<table> <tr><td><b>src_id:</b><td>433 <tr><td><b>Name:</b><td>HEMSBY <tr><td><b>Area:</b><td>NORFOLK <tr><td><b>Start date:</b><td>01-01-1948 <tr><td><b>End date:</b><td>02-04-2001 <tr><td><b>Postcode:</b><td>NR29 4 </table> <center><a href=""http://badc.nerc.ac.uk/cgi-bin/midas_stations/station_details.cgi.py?id=433"">Station details</a></center>"
25.183,35.333,,"<table> <tr><td><b>src_id:</b><td>17328 <tr><td><b>Name:</b><td>HERAKLION <tr><td><b>Area:</b><td>GREECE <tr><td><b>Start date:</b><td>01-01-1974 <tr><td><b>End date:</b><td>Current </table> <center><a href=""http://badc.nerc.ac.uk/cgi-bin/midas_stations/station_details.cgi.py?id=17328"">Station details</a></center>"
-6.09725,54.4851,,"<table> <tr><td><b>src_id:</b><td>1490 <tr><td><b>Name:</b><td>HILLSBOROUGH MET OFFICE <tr><td><b>Area:</b><td>DOWN <tr><td><b>Start date:</b><td>01-01-1979 <tr><td><b>End date:</b><td>10-11-2003 <tr><td><b>Postcode:</b><td>BT27 5 </table> <center><a href=""http://badc.nerc.ac.uk/cgi-bin/midas_stations/station_details.cgi.py?id=1490"">Station details</a></center>"
-79.6,8.917,,"<table> <tr><td><b>src_id:</b><td>17885 <tr><td><b>Name:</b><td>HOWARD AFB <tr><td><b>Area:</b><td>PANAMA <tr><td><b>Start date:</b><td>01-01-1974 <tr><td><b>End date:</b><td>Current </table> <center><a href=""http://badc.nerc.ac.uk/cgi-bin/midas_stations/station_details.cgi.py?id=17885"">Station details</a></center>"
-68.55,63.75,,"<table> <tr><td><b>src_id:</b><td>17790 <tr><td><b>Name:</b><td>IQALUIT (FROBISHER BAY) <tr><td><b>Area:</b><td>CANADA <tr><td><b>Start date:</b><td>01-01-1977 <tr><td><b>End date:</b><td>Current </table> <center><a href=""http://badc.nerc.ac.uk/cgi-bin/midas_stations/station_details.cgi.py?id=17790"">Station details</a></center>"
73.1,33.617,,"<table> <tr><td><b>src_id:</b><td>19086 <tr><td><b>Name:</b><td>ISLAMABAD AIRPORT <tr><td><b>Area:</b><td>PAKISTAN <tr><td><b>Start date:</b><td>01-01-1973 <tr><td><b>End date:</b><td>Current </table> <center><a href=""http://badc.nerc.ac.uk/cgi-bin/midas_stations/station_details.cgi.py?id=19086"">Station details</a></center>"
140.483,-2.567,,"<table> <tr><td><b>src_id:</b><td>18875 <tr><td><b>Name:</b><td>JAYAPURA/SENTANI <tr><td><b>Area:</b><td>MALUKU & IRIAN JAYA <tr><td><b>Start date:</b><td>01-01-1983 <tr><td><b>End date:</b><td>Current </table> <center><a href=""http://badc.nerc.ac.uk/cgi-bin/midas_stations/station_details.cgi.py?id=18875"">Station details</a></center>"
67.133,24.9,,"<table> <tr><td><b>src_id:</b><td>17431 <tr><td><b>Name:</b><td>KARACHI AIRPORT <tr><td><b>Area:</b><td>PAKISTAN <tr><td><b>Start date:</b><td>01-01-1974 <tr><td><b>End date:</b><td>Current </table> <center><a href=""http://badc.nerc.ac.uk/cgi-bin/midas_stations/station_details.cgi.py?id=17431"">Station details</a></center>"
9.117,56.3,,"<table> <tr><td><b>src_id:</b><td>23555 <tr><td><b>Name:</b><td>KARUP <tr><td><b>Area:</b><td>DENMARK <tr><td><b>Start date:</b><td>01-01-1850 <tr><td><b>End date:</b><td>Current </table> <center><a href=""http://badc.nerc.ac.uk/cgi-bin/midas_stations/station_details.cgi.py?id=23555"">Station details</a></center>"
24.083,54.976,,"<table> <tr><td><b>src_id:</b><td>17024 <tr><td><b>Name:</b><td>KAUNAS <tr><td><b>Area:</b><td>LITHUANIA <tr><td><b>Start date:</b><td>01-01-1983 <tr><td><b>End date:</b><td>Current </table> <center><a href=""http://badc.nerc.ac.uk/cgi-bin/midas_stations/station_details.cgi.py?id=17024"">Station details</a></center>"
114.167,22.317,,"<table> <tr><td><b>src_id:</b><td>17484 <tr><td><b>Name:</b><td>KINGS PARK <tr><td><b>Area:</b><td>HONG KONG <tr><td><b>Start date:</b><td>01-01-1992 <tr><td><b>End date:</b><td>01-04-2000 </table> <center><a href=""http://badc.nerc.ac.uk/cgi-bin/midas_stations/station_details.cgi.py?id=17484"">Station details</a></center>"
-76.783,17.933,,"<table> <tr><td><b>src_id:</b><td>17881 <tr><td><b>Name:</b><td>KINGSTON/NORMAN MANLEY <tr><td><b>Area:</b><td>JAMAICA <tr><td><b>Start date:</b><td>01-01-1974 <tr><td><b>End date:</b><td>Current </table> <center><a href=""http://badc.nerc.ac.uk/cgi-bin/midas_stations/station_details.cgi.py?id=17881"">Station details</a></center>"
134.483,7.333,,"<table> <tr><td><b>src_id:</b><td>17930 <tr><td><b>Name:</b><td>KOROR: PALAU IS. <tr><td><b>Area:</b><td>PACIFIC ISLANDS NORTH OF EQUATOR <tr><td><b>Start date:</b><td>01-01-1983 <tr><td><b>End date:</b><td>Current </table> <center><a href=""http://badc.nerc.ac.uk/cgi-bin/midas_stations/station_details.cgi.py?id=17930"">Station details</a></center>"
47.983,29.217,,"<table> <tr><td><b>src_id:</b><td>17255 <tr><td><b>Name:</b><td>KUWAIT INTERNATIONAL AIRPORT <tr><td><b>Area:</b><td>KUWAIT <tr><td><b>Start date:</b><td>01-01-1974 <tr><td><b>End date:</b><td>Current </table> <center><a href=""http://badc.nerc.ac.uk/cgi-bin/midas_stations/station_details.cgi.py?id=17255"">Station details</a></center>"
-1.80443,51.2012,,"<table> <tr><td><b>src_id:</b><td>888 <tr><td><b>Name:</b><td>LARKHILL <tr><td><b>Area:</b><td>WILTSHIRE <tr><td><b>Start date:</b><td>01-01-1920 <tr><td><b>End date:</b><td>Current <tr><td><b>Postcode:</b><td>SP4 8 </table> <center><a href=""http://badc.nerc.ac.uk/cgi-bin/midas_stations/station_details.cgi.py?id=888"">Station details</a></center>"
33.633,34.883,,"<table> <tr><td><b>src_id:</b><td>17334 <tr><td><b>Name:</b><td>LARNACA AIRPORT <tr><td><b>Area:</b><td>CYPRUS <tr><td><b>Start date:</b><td>01-01-1976 <tr><td><b>End date:</b><td>Current </table> <center><a href=""http://badc.nerc.ac.uk/cgi-bin/midas_stations/station_details.cgi.py?id=17334"">Station details</a></center>"
-1.18299,60.1395,,"<table> <tr><td><b>src_id:</b><td>9 <tr><td><b>Name:</b><td>LERWICK <tr><td><b>Area:</b><td>SHETLAND <tr><td><b>Start date:</b><td>01-01-1922 <tr><td><b>End date:</b><td>Current <tr><td><b>Postcode:</b><td>ZE1 0 </table> <center><a href=""http://badc.nerc.ac.uk/cgi-bin/midas_stations/station_details.cgi.py?id=9"">Station details</a></center>"
14.116,52.216,,"<table> <tr><td><b>src_id:</b><td>16897 <tr><td><b>Name:</b><td>LINDENBERG <tr><td><b>Area:</b><td>GERMANY <tr><td><b>Start date:</b><td>01-01-1983 <tr><td><b>End date:</b><td>Current </table> <center><a href=""http://badc.nerc.ac.uk/cgi-bin/midas_stations/station_details.cgi.py?id=16897"">Station details</a></center>"
119.0,-2.5,,"<table> <tr><td><b>src_id:</b><td>18035 <tr><td><b>Name:</b><td>MAJENE <tr><td><b>Area:</b><td>INDONESIA <tr><td><b>Start date:</b><td>01-01-1983 <tr><td><b>End date:</b><td>Current </table> <center><a href=""http://badc.nerc.ac.uk/cgi-bin/midas_stations/station_details.cgi.py?id=18035"">Station details</a></center>"
45.333,15.433,,"<table> <tr><td><b>src_id:</b><td>21011 <tr><td><b>Name:</b><td>MARIB <tr><td><b>Area:</b><td>YEMEN <tr><td><b>Start date:</b><td>01-01-1959 <tr><td><b>End date:</b><td>Current </table> <center><a href=""http://badc.nerc.ac.uk/cgi-bin/midas_stations/station_details.cgi.py?id=21011"">Station details</a></center>"
10.383,50.566,,"<table> <tr><td><b>src_id:</b><td>16903 <tr><td><b>Name:</b><td>MEININGEN <tr><td><b>Area:</b><td>GERMANY <tr><td><b>Start date:</b><td>01-01-1983 <tr><td><b>End date:</b><td>Current </table> <center><a href=""http://badc.nerc.ac.uk/cgi-bin/midas_stations/station_details.cgi.py?id=16903"">Station details</a></center>"
7.333,52.733,,"<table> <tr><td><b>src_id:</b><td>20911 <tr><td><b>Name:</b><td>MEPPEN <tr><td><b>Area:</b><td>GERMANY <tr><td><b>Start date:</b><td>01-08-1993 <tr><td><b>End date:</b><td>Current </table> <center><a href=""http://badc.nerc.ac.uk/cgi-bin/midas_stations/station_details.cgi.py?id=20911"">Station details</a></center>"
149.833,-29.483,,"<table> <tr><td><b>src_id:</b><td>25549 <tr><td><b>Name:</b><td>MOREE MO <tr><td><b>Area:</b><td>AUSTRALIA <tr><td><b>Start date:</b><td>01-10-1999 <tr><td><b>End date:</b><td>Current </table> <center><a href=""http://badc.nerc.ac.uk/cgi-bin/midas_stations/station_details.cgi.py?id=25549"">Station details</a></center>"
-58.45,-51.817,,"<table> <tr><td><b>src_id:</b><td>1609 <tr><td><b>Name:</b><td>MOUNT PLEASANT: FALKLAND IS <tr><td><b>Area:</b><td>FALKLAND IS <tr><td><b>Start date:</b><td>01-05-1985 <tr><td><b>End date:</b><td>Current </table> <center><a href=""http://badc.nerc.ac.uk/cgi-bin/midas_stations/station_details.cgi.py?id=1609"">Station details</a></center>"
11.55,48.25,,"<table> <tr><td><b>src_id:</b><td>17374 <tr><td><b>Name:</b><td>MUENCHEN- OBERSCHLEISSHEIM <tr><td><b>Area:</b><td>GERMANY <tr><td><b>Start date:</b><td>01-01-1971 <tr><td><b>End date:</b><td>Current </table> <center><a href=""http://badc.nerc.ac.uk/cgi-bin/midas_stations/station_details.cgi.py?id=17374"">Station details</a></center>"
50.617,26.267,,"<table> <tr><td><b>src_id:</b><td>1595 <tr><td><b>Name:</b><td>MUHARRAQ: BAHRAIN <tr><td><b>Area:</b><td>BAHRAIN <tr><td><b>Start date:</b><td>01-01-1947 <tr><td><b>End date:</b><td>31-12-1971 </table> <center><a href=""http://badc.nerc.ac.uk/cgi-bin/midas_stations/station_details.cgi.py?id=1595"">Station details</a></center>"
77.2,28.583,,"<table> <tr><td><b>src_id:</b><td>17444 <tr><td><b>Name:</b><td>NEW DELHI/ SAFDARJUNG <tr><td><b>Area:</b><td>INDIA <tr><td><b>Start date:</b><td>01-01-1974 <tr><td><b>End date:</b><td>Current </table> <center><a href=""http://badc.nerc.ac.uk/cgi-bin/midas_stations/station_details.cgi.py?id=17444"">Station details</a></center>"
-17.033,20.933,,"<table> <tr><td><b>src_id:</b><td>17688 <tr><td><b>Name:</b><td>NOUADHIBOU <tr><td><b>Area:</b><td>MAURITANIA <tr><td><b>Start date:</b><td>01-01-1983 <tr><td><b>End date:</b><td>Current </table> <center><a href=""http://badc.nerc.ac.uk/cgi-bin/midas_stations/station_details.cgi.py?id=17688"">Station details</a></center>"
-15.95,18.1,,"<table> <tr><td><b>src_id:</b><td>18257 <tr><td><b>Name:</b><td>NOUAKCHOTT <tr><td><b>Area:</b><td>MAURITANIA <tr><td><b>Start date:</b><td>01-01-1974 <tr><td><b>End date:</b><td>Current </table> <center><a href=""http://badc.nerc.ac.uk/cgi-bin/midas_stations/station_details.cgi.py?id=18257"">Station details</a></center>"
110.7,-2.7,,"<table> <tr><td><b>src_id:</b><td>18026 <tr><td><b>Name:</b><td>PANGKALAN BUN/ ISKANDAR <tr><td><b>Area:</b><td>INDONESIA <tr><td><b>Start date:</b><td>01-01-1983 <tr><td><b>End date:</b><td>Current </table> <center><a href=""http://badc.nerc.ac.uk/cgi-bin/midas_stations/station_details.cgi.py?id=18026"">Station details</a></center>"
32.4,34.75,,"<table> <tr><td><b>src_id:</b><td>1589 <tr><td><b>Name:</b><td>PAPHOS: CYPRUS <tr><td><b>Area:</b><td>CYPRUS <tr><td><b>Start date:</b><td>01-01-1940 <tr><td><b>End date:</b><td>Current </table> <center><a href=""http://badc.nerc.ac.uk/cgi-bin/midas_stations/station_details.cgi.py?id=1589"">Station details</a></center>"
70.083,33.867,,"<table> <tr><td><b>src_id:</b><td>18078 <tr><td><b>Name:</b><td>PARACHINAR <tr><td><b>Area:</b><td>PAKISTAN <tr><td><b>Start date:</b><td>01-01-1995 <tr><td><b>End date:</b><td>Current </table> <center><a href=""http://badc.nerc.ac.uk/cgi-bin/midas_stations/station_details.cgi.py?id=18078"">Station details</a></center>"
6.95,46.817,,"<table> <tr><td><b>src_id:</b><td>17360 <tr><td><b>Name:</b><td>PAYERNE <tr><td><b>Area:</b><td>SWITZERLAND & LIECHTENSTEIN <tr><td><b>Start date:</b><td>01-01-1983 <tr><td><b>End date:</b><td>Current </table> <center><a href=""http://badc.nerc.ac.uk/cgi-bin/midas_stations/station_details.cgi.py?id=17360"">Station details</a></center>"
100.267,5.3,,"<table> <tr><td><b>src_id:</b><td>17522 <tr><td><b>Name:</b><td>PENANG/BAYAN LEPAS <tr><td><b>Area:</b><td>MALAYSIA <tr><td><b>Start date:</b><td>01-01-1974 <tr><td><b>End date:</b><td>Current </table> <center><a href=""http://badc.nerc.ac.uk/cgi-bin/midas_stations/station_details.cgi.py?id=17522"">Station details</a></center>"
71.583,34.017,,"<table> <tr><td><b>src_id:</b><td>18077 <tr><td><b>Name:</b><td>PESHAWAR <tr><td><b>Area:</b><td>PAKISTAN <tr><td><b>Start date:</b><td>01-01-1983 <tr><td><b>End date:</b><td>Current </table> <center><a href=""http://badc.nerc.ac.uk/cgi-bin/midas_stations/station_details.cgi.py?id=18077"">Station details</a></center>"
108.1,10.933,,"<table> <tr><td><b>src_id:</b><td>22462 <tr><td><b>Name:</b><td>PHAN THIET <tr><td><b>Area:</b><td>VIET NAM <tr><td><b>Start date:</b><td>01-05-1989 <tr><td><b>End date:</b><td>Current </table> <center><a href=""http://badc.nerc.ac.uk/cgi-bin/midas_stations/station_details.cgi.py?id=22462"">Station details</a></center>"
-61.35,10.617,,"<table> <tr><td><b>src_id:</b><td>17889 <tr><td><b>Name:</b><td>PIARCO INT. AIRPORT:TRINIDAD <tr><td><b>Area:</b><td>TRINIDAD & TOBAGO <tr><td><b>Start date:</b><td>01-01-1974 <tr><td><b>End date:</b><td>Current </table> <center><a href=""http://badc.nerc.ac.uk/cgi-bin/midas_stations/station_details.cgi.py?id=17889"">Station details</a></center>"
11.9,-4.817,,"<table> <tr><td><b>src_id:</b><td>18342 <tr><td><b>Name:</b><td>POINTE-NOIRE <tr><td><b>Area:</b><td>CONGO <tr><td><b>Start date:</b><td>01-01-1983 <tr><td><b>End date:</b><td>Current </table> <center><a href=""http://badc.nerc.ac.uk/cgi-bin/midas_stations/station_details.cgi.py?id=18342"">Station details</a></center>"
20.533,49.05,,"<table> <tr><td><b>src_id:</b><td>17375 <tr><td><b>Name:</b><td>POPRAD/GANOVCE <tr><td><b>Area:</b><td>SLOVAKIA <tr><td><b>Start date:</b><td>01-01-1971 <tr><td><b>End date:</b><td>Current </table> <center><a href=""http://badc.nerc.ac.uk/cgi-bin/midas_stations/station_details.cgi.py?id=17375"">Station details</a></center>"
70.25,-49.35,,"<table> <tr><td><b>src_id:</b><td>17699 <tr><td><b>Name:</b><td>PORT-AUX-FRANCAIS (ILES KERGUELEN) <tr><td><b>Area:</b><td>OCEAN ISLANDS <tr><td><b>Start date:</b><td>01-01-1974 <tr><td><b>End date:</b><td>Current </table> <center><a href=""http://badc.nerc.ac.uk/cgi-bin/midas_stations/station_details.cgi.py?id=17699"">Station details</a></center>"
26.617,-33.983,,"<table> <tr><td><b>src_id:</b><td>23933 <tr><td><b>Name:</b><td>PORT ELIZABETH <tr><td><b>Area:</b><td>SOUTH AFRICA <tr><td><b>Start date:</b><td>01-01-1867 <tr><td><b>End date:</b><td>Current </table> <center><a href=""http://badc.nerc.ac.uk/cgi-bin/midas_stations/station_details.cgi.py?id=23933"">Station details</a></center>"
8.75,-0.7,,"<table> <tr><td><b>src_id:</b><td>18355 <tr><td><b>Name:</b><td>PORT-GENTIL <tr><td><b>Area:</b><td>GABON <tr><td><b>Start date:</b><td>01-01-1983 <tr><td><b>End date:</b><td>Current </table> <center><a href=""http://badc.nerc.ac.uk/cgi-bin/midas_stations/station_details.cgi.py?id=18355"">Station details</a></center>"
147.217,-9.433,,"<table> <tr><td><b>src_id:</b><td>17958 <tr><td><b>Name:</b><td>PORT MORESBY M.O. <tr><td><b>Area:</b><td>PAPUA NEW GUINEA <tr><td><b>Start date:</b><td>01-01-1974 <tr><td><b>End date:</b><td>Current </table> <center><a href=""http://badc.nerc.ac.uk/cgi-bin/midas_stations/station_details.cgi.py?id=17958"">Station details</a></center>"
14.45,35.833,,"<table> <tr><td><b>src_id:</b><td>23518 <tr><td><b>Name:</b><td>QRENDI <tr><td><b>Area:</b><td>MALTA <tr><td><b>Start date:</b><td>01-01-1948 <tr><td><b>End date:</b><td>31-12-1978 </table> <center><a href=""http://badc.nerc.ac.uk/cgi-bin/midas_stations/station_details.cgi.py?id=23518"">Station details</a></center>"
66.917,30.267,,"<table> <tr><td><b>src_id:</b><td>23424 <tr><td><b>Name:</b><td>QUETTA (SHEIKH MANDA) <tr><td><b>Area:</b><td>PAKISTAN <tr><td><b>Start date:</b><td>01-01-1971 <tr><td><b>End date:</b><td>Current </table> <center><a href=""http://badc.nerc.ac.uk/cgi-bin/midas_stations/station_details.cgi.py?id=23424"">Station details</a></center>"
-177.917,-29.25,,"<table> <tr><td><b>src_id:</b><td>17957 <tr><td><b>Name:</b><td>RAOUL ISLAND: KERMADEC IS. <tr><td><b>Area:</b><td>NEW ZEALAND <tr><td><b>Start date:</b><td>01-01-1983 <tr><td><b>End date:</b><td>Current </table> <center><a href=""http://badc.nerc.ac.uk/cgi-bin/midas_stations/station_details.cgi.py?id=17957"">Station details</a></center>"
-3.3428,51.4001,,"<table> <tr><td><b>src_id:</b><td>1267 <tr><td><b>Name:</b><td>RHOOSE <tr><td><b>Area:</b><td>SOUTH GLAMORGAN <tr><td><b>Start date:</b><td>01-01-1954 <tr><td><b>End date:</b><td>Current <tr><td><b>Postcode:</b><td>CF6 9 </table> <center><a href=""http://badc.nerc.ac.uk/cgi-bin/midas_stations/station_details.cgi.py?id=1267"">Station details</a></center>"
-43.25,-22.817,,"<table> <tr><td><b>src_id:</b><td>17900 <tr><td><b>Name:</b><td>RIO DE JANEIRO/GALEAO <tr><td><b>Area:</b><td>BRAZIL <tr><td><b>Start date:</b><td>01-01-1974 <tr><td><b>End date:</b><td>Current </table> <center><a href=""http://badc.nerc.ac.uk/cgi-bin/midas_stations/station_details.cgi.py?id=17900"">Station details</a></center>"
114.167,22.3,,"<table> <tr><td><b>src_id:</b><td>18130 <tr><td><b>Name:</b><td>ROYAL OBSERVATORY <tr><td><b>Area:</b><td>HONG KONG <tr><td><b>Start date:</b><td>01-01-1974 <tr><td><b>End date:</b><td>31-12-1992 </table> <center><a href=""http://badc.nerc.ac.uk/cgi-bin/midas_stations/station_details.cgi.py?id=18130"">Station details</a></center>"
-60.017,43.933,,"<table> <tr><td><b>src_id:</b><td>17775 <tr><td><b>Name:</b><td>SABLE ISLAND:N.S. <tr><td><b>Area:</b><td>CANADA <tr><td><b>Start date:</b><td>01-01-1977 <tr><td><b>End date:</b><td>Current </table> <center><a href=""http://badc.nerc.ac.uk/cgi-bin/midas_stations/station_details.cgi.py?id=17775"">Station details</a></center>"
-81.717,12.583,,"<table> <tr><td><b>src_id:</b><td>17891 <tr><td><b>Name:</b><td>SAN ANDRES (ISLA)/ SESQUICENTENARIO <tr><td><b>Area:</b><td>COLOMBIA <tr><td><b>Start date:</b><td>01-01-1983 <tr><td><b>End date:</b><td>Current </table> <center><a href=""http://badc.nerc.ac.uk/cgi-bin/midas_stations/station_details.cgi.py?id=17891"">Station details</a></center>"
131.3,-7.983,,"<table> <tr><td><b>src_id:</b><td>18050 <tr><td><b>Name:</b><td>SAUMLAKI <tr><td><b>Area:</b><td>MALUKU & IRIAN JAYA <tr><td><b>Start date:</b><td>01-01-1983 <tr><td><b>End date:</b><td>Current </table> <center><a href=""http://badc.nerc.ac.uk/cgi-bin/midas_stations/station_details.cgi.py?id=18050"">Station details</a></center>"
9.549,54.533,,"<table> <tr><td><b>src_id:</b><td>16889 <tr><td><b>Name:</b><td>SCHLESWIG <tr><td><b>Area:</b><td>GERMANY <tr><td><b>Start date:</b><td>01-01-1983 <tr><td><b>End date:</b><td>Current </table> <center><a href=""http://badc.nerc.ac.uk/cgi-bin/midas_stations/station_details.cgi.py?id=16889"">Station details</a></center>"
-2.85803,56.4386,,"<table> <tr><td><b>src_id:</b><td>236 <tr><td><b>Name:</b><td>SHANWELL <tr><td><b>Area:</b><td>FIFE <tr><td><b>Start date:</b><td>01-01-1981 <tr><td><b>End date:</b><td>31-12-1992 <tr><td><b>Postcode:</b><td>DD6 9 </table> <center><a href=""http://badc.nerc.ac.uk/cgi-bin/midas_stations/station_details.cgi.py?id=236"">Station details</a></center>"
0.80914,51.5361,,"<table> <tr><td><b>src_id:</b><td>497 <tr><td><b>Name:</b><td>SHOEBURYNESS <tr><td><b>Area:</b><td>ESSEX <tr><td><b>Start date:</b><td>01-01-1865 <tr><td><b>End date:</b><td>31-10-1981 <tr><td><b>Postcode:</b><td>SS3 9 </table> <center><a href=""http://badc.nerc.ac.uk/cgi-bin/midas_stations/station_details.cgi.py?id=497"">Station details</a></center>"
0.82872,51.5542,,"<table> <tr><td><b>src_id:</b><td>498 <tr><td><b>Name:</b><td>SHOEBURYNESS: LANDWICK <tr><td><b>Area:</b><td>ESSEX <tr><td><b>Start date:</b><td>01-01-1981 <tr><td><b>End date:</b><td>Current <tr><td><b>Postcode:</b><td>SS3 9 </table> <center><a href=""http://badc.nerc.ac.uk/cgi-bin/midas_stations/station_details.cgi.py?id=498"">Station details</a></center>"
23.383,42.649,,"<table> <tr><td><b>src_id:</b><td>16959 <tr><td><b>Name:</b><td>SOFIA (OBSERV.) <tr><td><b>Area:</b><td>BULGARIA <tr><td><b>Start date:</b><td>01-01-1974 <tr><td><b>End date:</b><td>Current </table> <center><a href=""http://badc.nerc.ac.uk/cgi-bin/midas_stations/station_details.cgi.py?id=16959"">Station details</a></center>"
-52.733,47.617,,"<table> <tr><td><b>src_id:</b><td>17778 <tr><td><b>Name:</b><td>ST JOHNS: NFLD <tr><td><b>Area:</b><td>CANADA <tr><td><b>Start date:</b><td>01-01-1983 <tr><td><b>End date:</b><td>Current </table> <center><a href=""http://badc.nerc.ac.uk/cgi-bin/midas_stations/station_details.cgi.py?id=17778"">Station details</a></center>"
-6.31772,58.2138,,"<table> <tr><td><b>src_id:</b><td>54 <tr><td><b>Name:</b><td>STORNOWAY AIRPORT <tr><td><b>Area:</b><td>WESTERN ISLES <tr><td><b>Start date:</b><td>01-01-1873 <tr><td><b>End date:</b><td>Current <tr><td><b>Postcode:</b><td>PA86 0 </table> <center><a href=""http://badc.nerc.ac.uk/cgi-bin/midas_stations/station_details.cgi.py?id=54"">Station details</a></center>"
9.199,48.833,,"<table> <tr><td><b>src_id:</b><td>16907 <tr><td><b>Name:</b><td>STUTTGART/ SCHNARRENBERG <tr><td><b>Area:</b><td>GERMANY <tr><td><b>Start date:</b><td>01-08-1984 <tr><td><b>End date:</b><td>Current </table> <center><a href=""http://badc.nerc.ac.uk/cgi-bin/midas_stations/station_details.cgi.py?id=16907"">Station details</a></center>"
-5.9,35.733,,"<table> <tr><td><b>src_id:</b><td>17656 <tr><td><b>Name:</b><td>TANGER(AERODROME) <tr><td><b>Area:</b><td>MOROCCO <tr><td><b>Start date:</b><td>01-01-1974 <tr><td><b>End date:</b><td>Current </table> <center><a href=""http://badc.nerc.ac.uk/cgi-bin/midas_stations/station_details.cgi.py?id=17656"">Station details</a></center>"
22.966,40.516,,"<table> <tr><td><b>src_id:</b><td>17321 <tr><td><b>Name:</b><td>THESSALONIKI/MIKRA <tr><td><b>Area:</b><td>GREECE <tr><td><b>Start date:</b><td>01-01-1974 <tr><td><b>End date:</b><td>Current </table> <center><a href=""http://badc.nerc.ac.uk/cgi-bin/midas_stations/station_details.cgi.py?id=17321"">Station details</a></center>"
-68.5,76.516,,"<table> <tr><td><b>src_id:</b><td>17107 <tr><td><b>Name:</b><td>THULE A.B. <tr><td><b>Area:</b><td>GREENLAND <tr><td><b>Start date:</b><td>01-01-1974 <tr><td><b>End date:</b><td>Current </table> <center><a href=""http://badc.nerc.ac.uk/cgi-bin/midas_stations/station_details.cgi.py?id=17107"">Station details</a></center>"
23.933,32.1,,"<table> <tr><td><b>src_id:</b><td>22525 <tr><td><b>Name:</b><td>TOBRUK <tr><td><b>Area:</b><td>LIBYAN ARAB JAMAHIRIYA <tr><td><b>Start date:</b><td>01-05-1985 <tr><td><b>End date:</b><td>Current </table> <center><a href=""http://badc.nerc.ac.uk/cgi-bin/midas_stations/station_details.cgi.py?id=22525"">Station details</a></center>"
10.233,36.833,,"<table> <tr><td><b>src_id:</b><td>17671 <tr><td><b>Name:</b><td>TUNIS-CARTHAGE <tr><td><b>Area:</b><td>TUNISIA <tr><td><b>Start date:</b><td>01-01-1974 <tr><td><b>End date:</b><td>Current </table> <center><a href=""http://badc.nerc.ac.uk/cgi-bin/midas_stations/station_details.cgi.py?id=17671"">Station details</a></center>"
6.9,52.267,,"<table> <tr><td><b>src_id:</b><td>23561 <tr><td><b>Name:</b><td>TWENTHE <tr><td><b>Area:</b><td>NETHERLANDS <tr><td><b>Start date:</b><td>01-01-1850 <tr><td><b>End date:</b><td>Current </table> <center><a href=""http://badc.nerc.ac.uk/cgi-bin/midas_stations/station_details.cgi.py?id=23561"">Station details</a></center>"
4.917,53.25,,"<table> <tr><td><b>src_id:</b><td>23559 <tr><td><b>Name:</b><td>VLIELAND <tr><td><b>Area:</b><td>NETHERLANDS <tr><td><b>Start date:</b><td>01-01-1850 <tr><td><b>End date:</b><td>Current </table> <center><a href=""http://badc.nerc.ac.uk/cgi-bin/midas_stations/station_details.cgi.py?id=23559"">Station details</a></center>"
-75.483,37.933,,"<table> <tr><td><b>src_id:</b><td>17832 <tr><td><b>Name:</b><td>WALLOPS ISLAND: VA. <tr><td><b>Area:</b><td>UNITED STATES OF AMERICA <tr><td><b>Start date:</b><td>01-01-1988 <tr><td><b>End date:</b><td>Current </table> <center><a href=""http://badc.nerc.ac.uk/cgi-bin/midas_stations/station_details.cgi.py?id=17832"">Station details</a></center>"
-77.45,38.95,,"<table> <tr><td><b>src_id:</b><td>17833 <tr><td><b>Name:</b><td>WASHINGTON/DULLES INT.:VA. <tr><td><b>Area:</b><td>UNITED STATES OF AMERICA <tr><td><b>Start date:</b><td>01-01-1971 <tr><td><b>End date:</b><td>Current </table> <center><a href=""http://badc.nerc.ac.uk/cgi-bin/midas_stations/station_details.cgi.py?id=17833"">Station details</a></center>"
16.366,48.25,,"<table> <tr><td><b>src_id:</b><td>16913 <tr><td><b>Name:</b><td>WIEN/HOHE WARTE <tr><td><b>Area:</b><td>AUSTRIA <tr><td><b>Start date:</b><td>01-01-1983 <tr><td><b>End date:</b><td>Current </table> <center><a href=""http://badc.nerc.ac.uk/cgi-bin/midas_stations/station_details.cgi.py?id=16913"">Station details</a></center>"
